{"cameraMode":{"drawMode":0,"name":"Shaded","section":"Shading Mode"},"sceneLighting":false,"audioPlay":false,"sceneViewState":{"m_AlwaysRefresh":false,"showFog":true,"showSkybox":false,"showFlares":true,"showImageEffects":true,"showParticleSystems":true,"showVisualEffectGraphs":true,"m_FxEnabled":true},"in2DMode":false,"pivot":{"x":-0.16461460292339326,"y":0.12422915548086167,"z":-0.08842123299837113},"rotation":{"x":-0.17330870032310487,"y":-0.6531732678413391,"z":0.15760809183120728,"w":-0.7203969955444336},"size":0.2256319373846054,"orthographic":false}