{"cameraMode":{"drawMode":0,"name":"Shaded","section":"Shading Mode"},"sceneLighting":false,"audioPlay":false,"sceneViewState":{"m_AlwaysRefresh":false,"showFog":true,"showSkybox":false,"showFlares":true,"showImageEffects":true,"showParticleSystems":true,"showVisualEffectGraphs":true,"m_FxEnabled":true},"in2DMode":false,"pivot":{"x":-8.720000267028809,"y":1.86615788936615,"z":10.284343719482422},"rotation":{"x":0.008671351708471775,"y":0.9048666954040527,"z":-0.42643406987190249,"w":0.017923569306731225},"size":1.6106370687484742,"orthographic":false}