{"cameraMode":{"drawMode":0,"name":"Shaded","section":"Shading Mode"},"sceneLighting":true,"audioPlay":false,"sceneViewState":{"m_AlwaysRefresh":false,"showFog":true,"showSkybox":true,"showFlares":true,"showImageEffects":true,"showParticleSystems":true,"showVisualEffectGraphs":true,"m_FxEnabled":true},"in2DMode":false,"pivot":{"x":13.15141487121582,"y":-0.9223954677581787,"z":28.011587142944337},"rotation":{"x":0.08827732503414154,"y":-0.26789888739585879,"z":0.027174001559615136,"w":0.9597402811050415},"size":7.824557304382324,"orthographic":false}