{"cameraMode":{"drawMode":0,"name":"Shaded","section":"Shading Mode"},"sceneLighting":false,"audioPlay":false,"sceneViewState":{"m_AlwaysRefresh":false,"showFog":true,"showSkybox":false,"showFlares":true,"showImageEffects":true,"showParticleSystems":true,"showVisualEffectGraphs":true,"m_FxEnabled":true},"in2DMode":false,"pivot":{"x":-21.229999542236329,"y":1.3570282459259034,"z":2.270503044128418},"rotation":{"x":-0.32184186577796938,"y":-0.0016582135576754809,"z":0.0004985399427823722,"w":-0.9470158815383911},"size":6.194619655609131,"orthographic":false}